{
  "ABIRoot": {
    "kind": "Root",
    "name": "QuanteecPluginBitmovin",
    "printedName": "QuanteecPluginBitmovin",
    "children": [
      {
        "kind": "Import",
        "name": "Foundation",
        "printedName": "Foundation",
        "declKind": "Import",
        "moduleName": "QuanteecPluginBitmovin",
        "declAttributes": [
          "RawDocComment"
        ]
      },
      {
        "kind": "Import",
        "name": "BitmovinPlayer",
        "printedName": "BitmovinPlayer",
        "declKind": "Import",
        "moduleName": "QuanteecPluginBitmovin"
      },
      {
        "kind": "Import",
        "name": "BitmovinPlayerCore",
        "printedName": "BitmovinPlayerCore",
        "declKind": "Import",
        "moduleName": "QuanteecPluginBitmovin"
      },
      {
        "kind": "Import",
        "name": "QuanteecCore",
        "printedName": "QuanteecCore",
        "declKind": "Import",
        "moduleName": "QuanteecPluginBitmovin"
      },
      {
        "kind": "TypeDecl",
        "name": "QuanteecPluginBitmovin",
        "printedName": "QuanteecPluginBitmovin",
        "children": [
          {
            "kind": "Var",
            "name": "player",
            "printedName": "player",
            "children": [
              {
                "kind": "TypeNominal",
                "name": "Player",
                "printedName": "any BitmovinPlayerCore.Player",
                "usr": "c:objc(pl)BMPPlayer"
              }
            ],
            "declKind": "Var",
            "usr": "s:22QuanteecPluginBitmovinAAC6playerSo9BMPPlayer_pvp",
            "mangledName": "$s22QuanteecPluginBitmovinAAC6playerSo9BMPPlayer_pvp",
            "moduleName": "QuanteecPluginBitmovin",
            "declAttributes": [
              "Final",
              "HasStorage"
            ],
            "isLet": true,
            "hasStorage": true,
            "accessors": [
              {
                "kind": "Accessor",
                "name": "Get",
                "printedName": "Get()",
                "children": [
                  {
                    "kind": "TypeNominal",
                    "name": "Player",
                    "printedName": "any BitmovinPlayerCore.Player",
                    "usr": "c:objc(pl)BMPPlayer"
                  }
                ],
                "declKind": "Accessor",
                "usr": "s:22QuanteecPluginBitmovinAAC6playerSo9BMPPlayer_pvg",
                "mangledName": "$s22QuanteecPluginBitmovinAAC6playerSo9BMPPlayer_pvg",
                "moduleName": "QuanteecPluginBitmovin",
                "implicit": true,
                "declAttributes": [
                  "Final"
                ],
                "accessorKind": "get"
              }
            ]
          },
          {
            "kind": "Var",
            "name": "clientID",
            "printedName": "clientID",
            "children": [
              {
                "kind": "TypeNominal",
                "name": "String",
                "printedName": "Swift.String",
                "usr": "s:SS"
              }
            ],
            "declKind": "Var",
            "usr": "s:22QuanteecPluginBitmovinAAC8clientIDSSvp",
            "mangledName": "$s22QuanteecPluginBitmovinAAC8clientIDSSvp",
            "moduleName": "QuanteecPluginBitmovin",
            "declAttributes": [
              "Final",
              "HasStorage"
            ],
            "isLet": true,
            "hasStorage": true,
            "accessors": [
              {
                "kind": "Accessor",
                "name": "Get",
                "printedName": "Get()",
                "children": [
                  {
                    "kind": "TypeNominal",
                    "name": "String",
                    "printedName": "Swift.String",
                    "usr": "s:SS"
                  }
                ],
                "declKind": "Accessor",
                "usr": "s:22QuanteecPluginBitmovinAAC8clientIDSSvg",
                "mangledName": "$s22QuanteecPluginBitmovinAAC8clientIDSSvg",
                "moduleName": "QuanteecPluginBitmovin",
                "implicit": true,
                "declAttributes": [
                  "Final"
                ],
                "accessorKind": "get"
              }
            ]
          },
          {
            "kind": "Var",
            "name": "videoID",
            "printedName": "videoID",
            "children": [
              {
                "kind": "TypeNominal",
                "name": "String",
                "printedName": "Swift.String",
                "usr": "s:SS"
              }
            ],
            "declKind": "Var",
            "usr": "s:22QuanteecPluginBitmovinAAC7videoIDSSvp",
            "mangledName": "$s22QuanteecPluginBitmovinAAC7videoIDSSvp",
            "moduleName": "QuanteecPluginBitmovin",
            "declAttributes": [
              "Final",
              "HasStorage"
            ],
            "isLet": true,
            "hasStorage": true,
            "accessors": [
              {
                "kind": "Accessor",
                "name": "Get",
                "printedName": "Get()",
                "children": [
                  {
                    "kind": "TypeNominal",
                    "name": "String",
                    "printedName": "Swift.String",
                    "usr": "s:SS"
                  }
                ],
                "declKind": "Accessor",
                "usr": "s:22QuanteecPluginBitmovinAAC7videoIDSSvg",
                "mangledName": "$s22QuanteecPluginBitmovinAAC7videoIDSSvg",
                "moduleName": "QuanteecPluginBitmovin",
                "implicit": true,
                "declAttributes": [
                  "Final"
                ],
                "accessorKind": "get"
              }
            ]
          },
          {
            "kind": "Constructor",
            "name": "init",
            "printedName": "init(player:)",
            "children": [
              {
                "kind": "TypeNominal",
                "name": "QuanteecPluginBitmovin",
                "printedName": "QuanteecPluginBitmovin.QuanteecPluginBitmovin",
                "usr": "c:@M@QuanteecPluginBitmovin@objc(cs)QuanteecPluginBitmovin"
              },
              {
                "kind": "TypeNominal",
                "name": "Player",
                "printedName": "any BitmovinPlayerCore.Player",
                "usr": "c:objc(pl)BMPPlayer"
              }
            ],
            "declKind": "Constructor",
            "usr": "s:22QuanteecPluginBitmovinAAC6playerABSo9BMPPlayer_p_tcfc",
            "mangledName": "$s22QuanteecPluginBitmovinAAC6playerABSo9BMPPlayer_p_tcfc",
            "moduleName": "QuanteecPluginBitmovin",
            "declAttributes": [
              "AccessControl"
            ],
            "init_kind": "Designated"
          },
          {
            "kind": "Function",
            "name": "onEvent",
            "printedName": "onEvent(_:player:)",
            "children": [
              {
                "kind": "TypeNominal",
                "name": "Void",
                "printedName": "()"
              },
              {
                "kind": "TypeNominal",
                "name": "Event",
                "printedName": "any BitmovinPlayerCore.Event",
                "usr": "c:@M@BitmovinPlayerCore@objc(pl)BMPEvent"
              },
              {
                "kind": "TypeNominal",
                "name": "Player",
                "printedName": "any BitmovinPlayerCore.Player",
                "usr": "c:objc(pl)BMPPlayer"
              }
            ],
            "declKind": "Func",
            "usr": "c:@M@QuanteecPluginBitmovin@objc(cs)QuanteecPluginBitmovin(im)onEvent:player:",
            "mangledName": "$s22QuanteecPluginBitmovinAAC7onEvent_6playery0C10PlayerCore0E0_p_So9BMPPlayer_ptF",
            "moduleName": "QuanteecPluginBitmovin",
            "isOpen": true,
            "objc_name": "onEvent:player:",
            "declAttributes": [
              "ObjC",
              "Nonisolated",
              "AccessControl"
            ],
            "funcSelfKind": "NonMutating"
          },
          {
            "kind": "Function",
            "name": "cleanup",
            "printedName": "cleanup()",
            "children": [
              {
                "kind": "TypeNominal",
                "name": "Void",
                "printedName": "()"
              }
            ],
            "declKind": "Func",
            "usr": "s:22QuanteecPluginBitmovinAAC7cleanupyyF",
            "mangledName": "$s22QuanteecPluginBitmovinAAC7cleanupyyF",
            "moduleName": "QuanteecPluginBitmovin",
            "isOpen": true,
            "declAttributes": [
              "AccessControl"
            ],
            "funcSelfKind": "NonMutating"
          },
          {
            "kind": "Function",
            "name": "getResolutions",
            "printedName": "getResolutions()",
            "children": [
              {
                "kind": "TypeNominal",
                "name": "Array",
                "printedName": "[Swift.String]",
                "children": [
                  {
                    "kind": "TypeNominal",
                    "name": "String",
                    "printedName": "Swift.String",
                    "usr": "s:SS"
                  }
                ],
                "usr": "s:Sa"
              }
            ],
            "declKind": "Func",
            "usr": "s:22QuanteecPluginBitmovinAAC14getResolutionsSaySSGyF",
            "mangledName": "$s22QuanteecPluginBitmovinAAC14getResolutionsSaySSGyF",
            "moduleName": "QuanteecPluginBitmovin",
            "isOpen": true,
            "declAttributes": [
              "AccessControl"
            ],
            "funcSelfKind": "NonMutating"
          },
          {
            "kind": "Function",
            "name": "activateP2P",
            "printedName": "activateP2P(activated:)",
            "children": [
              {
                "kind": "TypeNominal",
                "name": "Void",
                "printedName": "()"
              },
              {
                "kind": "TypeNominal",
                "name": "Bool",
                "printedName": "Swift.Bool",
                "usr": "s:Sb"
              }
            ],
            "declKind": "Func",
            "usr": "s:22QuanteecPluginBitmovinAAC11activateP2P9activatedySb_tF",
            "mangledName": "$s22QuanteecPluginBitmovinAAC11activateP2P9activatedySb_tF",
            "moduleName": "QuanteecPluginBitmovin",
            "isOpen": true,
            "declAttributes": [
              "AccessControl",
              "RawDocComment"
            ],
            "funcSelfKind": "NonMutating"
          },
          {
            "kind": "Function",
            "name": "activateQuanteec",
            "printedName": "activateQuanteec(activated:)",
            "children": [
              {
                "kind": "TypeNominal",
                "name": "Void",
                "printedName": "()"
              },
              {
                "kind": "TypeNominal",
                "name": "Bool",
                "printedName": "Swift.Bool",
                "usr": "s:Sb"
              }
            ],
            "declKind": "Func",
            "usr": "s:22QuanteecPluginBitmovinAAC08activateA09activatedySb_tF",
            "mangledName": "$s22QuanteecPluginBitmovinAAC08activateA09activatedySb_tF",
            "moduleName": "QuanteecPluginBitmovin",
            "isOpen": true,
            "declAttributes": [
              "AccessControl",
              "RawDocComment"
            ],
            "funcSelfKind": "NonMutating"
          },
          {
            "kind": "Function",
            "name": "setMaxUploadPercent",
            "printedName": "setMaxUploadPercent(value:)",
            "children": [
              {
                "kind": "TypeNominal",
                "name": "Void",
                "printedName": "()"
              },
              {
                "kind": "TypeNominal",
                "name": "Double",
                "printedName": "Swift.Double",
                "usr": "s:Sd"
              }
            ],
            "declKind": "Func",
            "usr": "s:22QuanteecPluginBitmovinAAC19setMaxUploadPercent5valueySd_tF",
            "mangledName": "$s22QuanteecPluginBitmovinAAC19setMaxUploadPercent5valueySd_tF",
            "moduleName": "QuanteecPluginBitmovin",
            "isOpen": true,
            "declAttributes": [
              "AccessControl",
              "RawDocComment"
            ],
            "funcSelfKind": "NonMutating"
          },
          {
            "kind": "Function",
            "name": "getEnergySavedInCO2g",
            "printedName": "getEnergySavedInCO2g()",
            "children": [
              {
                "kind": "TypeNominal",
                "name": "Double",
                "printedName": "Swift.Double",
                "usr": "s:Sd"
              }
            ],
            "declKind": "Func",
            "usr": "s:22QuanteecPluginBitmovinAAC20getEnergySavedInCO2gSdyF",
            "mangledName": "$s22QuanteecPluginBitmovinAAC20getEnergySavedInCO2gSdyF",
            "moduleName": "QuanteecPluginBitmovin",
            "isOpen": true,
            "declAttributes": [
              "AccessControl",
              "RawDocComment"
            ],
            "funcSelfKind": "NonMutating"
          },
          {
            "kind": "Function",
            "name": "getEnergySavedInLight",
            "printedName": "getEnergySavedInLight()",
            "children": [
              {
                "kind": "TypeNominal",
                "name": "Double",
                "printedName": "Swift.Double",
                "usr": "s:Sd"
              }
            ],
            "declKind": "Func",
            "usr": "s:22QuanteecPluginBitmovinAAC21getEnergySavedInLightSdyF",
            "mangledName": "$s22QuanteecPluginBitmovinAAC21getEnergySavedInLightSdyF",
            "moduleName": "QuanteecPluginBitmovin",
            "isOpen": true,
            "declAttributes": [
              "AccessControl",
              "RawDocComment"
            ],
            "funcSelfKind": "NonMutating"
          },
          {
            "kind": "Function",
            "name": "getEnergySavedInWatercL",
            "printedName": "getEnergySavedInWatercL()",
            "children": [
              {
                "kind": "TypeNominal",
                "name": "Double",
                "printedName": "Swift.Double",
                "usr": "s:Sd"
              }
            ],
            "declKind": "Func",
            "usr": "s:22QuanteecPluginBitmovinAAC23getEnergySavedInWatercLSdyF",
            "mangledName": "$s22QuanteecPluginBitmovinAAC23getEnergySavedInWatercLSdyF",
            "moduleName": "QuanteecPluginBitmovin",
            "isOpen": true,
            "declAttributes": [
              "AccessControl",
              "RawDocComment"
            ],
            "funcSelfKind": "NonMutating"
          },
          {
            "kind": "Function",
            "name": "getEnergySavedInWh",
            "printedName": "getEnergySavedInWh()",
            "children": [
              {
                "kind": "TypeNominal",
                "name": "Double",
                "printedName": "Swift.Double",
                "usr": "s:Sd"
              }
            ],
            "declKind": "Func",
            "usr": "s:22QuanteecPluginBitmovinAAC18getEnergySavedInWhSdyF",
            "mangledName": "$s22QuanteecPluginBitmovinAAC18getEnergySavedInWhSdyF",
            "moduleName": "QuanteecPluginBitmovin",
            "isOpen": true,
            "declAttributes": [
              "AccessControl",
              "RawDocComment"
            ],
            "funcSelfKind": "NonMutating"
          },
          {
            "kind": "Function",
            "name": "getEnergySavedReceivedInWh",
            "printedName": "getEnergySavedReceivedInWh()",
            "children": [
              {
                "kind": "TypeNominal",
                "name": "Double",
                "printedName": "Swift.Double",
                "usr": "s:Sd"
              }
            ],
            "declKind": "Func",
            "usr": "s:22QuanteecPluginBitmovinAAC26getEnergySavedReceivedInWhSdyF",
            "mangledName": "$s22QuanteecPluginBitmovinAAC26getEnergySavedReceivedInWhSdyF",
            "moduleName": "QuanteecPluginBitmovin",
            "isOpen": true,
            "declAttributes": [
              "AccessControl",
              "RawDocComment"
            ],
            "funcSelfKind": "NonMutating"
          },
          {
            "kind": "Function",
            "name": "getEnergySavedSentInWh",
            "printedName": "getEnergySavedSentInWh()",
            "children": [
              {
                "kind": "TypeNominal",
                "name": "Double",
                "printedName": "Swift.Double",
                "usr": "s:Sd"
              }
            ],
            "declKind": "Func",
            "usr": "s:22QuanteecPluginBitmovinAAC22getEnergySavedSentInWhSdyF",
            "mangledName": "$s22QuanteecPluginBitmovinAAC22getEnergySavedSentInWhSdyF",
            "moduleName": "QuanteecPluginBitmovin",
            "isOpen": true,
            "declAttributes": [
              "AccessControl",
              "RawDocComment"
            ],
            "funcSelfKind": "NonMutating"
          },
          {
            "kind": "Function",
            "name": "getGreenScore",
            "printedName": "getGreenScore()",
            "children": [
              {
                "kind": "TypeNominal",
                "name": "Double",
                "printedName": "Swift.Double",
                "usr": "s:Sd"
              }
            ],
            "declKind": "Func",
            "usr": "s:22QuanteecPluginBitmovinAAC13getGreenScoreSdyF",
            "mangledName": "$s22QuanteecPluginBitmovinAAC13getGreenScoreSdyF",
            "moduleName": "QuanteecPluginBitmovin",
            "isOpen": true,
            "declAttributes": [
              "AccessControl",
              "RawDocComment"
            ],
            "funcSelfKind": "NonMutating"
          },
          {
            "kind": "Function",
            "name": "getDataCDN",
            "printedName": "getDataCDN()",
            "children": [
              {
                "kind": "TypeNominal",
                "name": "Int64",
                "printedName": "Swift.Int64",
                "usr": "s:s5Int64V"
              }
            ],
            "declKind": "Func",
            "usr": "s:22QuanteecPluginBitmovinAAC10getDataCDNs5Int64VyF",
            "mangledName": "$s22QuanteecPluginBitmovinAAC10getDataCDNs5Int64VyF",
            "moduleName": "QuanteecPluginBitmovin",
            "isOpen": true,
            "declAttributes": [
              "AccessControl",
              "RawDocComment"
            ],
            "funcSelfKind": "NonMutating"
          },
          {
            "kind": "Function",
            "name": "getDataPeer",
            "printedName": "getDataPeer()",
            "children": [
              {
                "kind": "TypeNominal",
                "name": "Int64",
                "printedName": "Swift.Int64",
                "usr": "s:s5Int64V"
              }
            ],
            "declKind": "Func",
            "usr": "s:22QuanteecPluginBitmovinAAC11getDataPeers5Int64VyF",
            "mangledName": "$s22QuanteecPluginBitmovinAAC11getDataPeers5Int64VyF",
            "moduleName": "QuanteecPluginBitmovin",
            "isOpen": true,
            "declAttributes": [
              "AccessControl",
              "RawDocComment"
            ],
            "funcSelfKind": "NonMutating"
          },
          {
            "kind": "Function",
            "name": "getDataSent",
            "printedName": "getDataSent()",
            "children": [
              {
                "kind": "TypeNominal",
                "name": "Int64",
                "printedName": "Swift.Int64",
                "usr": "s:s5Int64V"
              }
            ],
            "declKind": "Func",
            "usr": "s:22QuanteecPluginBitmovinAAC11getDataSents5Int64VyF",
            "mangledName": "$s22QuanteecPluginBitmovinAAC11getDataSents5Int64VyF",
            "moduleName": "QuanteecPluginBitmovin",
            "isOpen": true,
            "declAttributes": [
              "AccessControl",
              "RawDocComment"
            ],
            "funcSelfKind": "NonMutating"
          },
          {
            "kind": "Function",
            "name": "getP2PPercent",
            "printedName": "getP2PPercent()",
            "children": [
              {
                "kind": "TypeNominal",
                "name": "Double",
                "printedName": "Swift.Double",
                "usr": "s:Sd"
              }
            ],
            "declKind": "Func",
            "usr": "s:22QuanteecPluginBitmovinAAC13getP2PPercentSdyF",
            "mangledName": "$s22QuanteecPluginBitmovinAAC13getP2PPercentSdyF",
            "moduleName": "QuanteecPluginBitmovin",
            "isOpen": true,
            "declAttributes": [
              "AccessControl",
              "RawDocComment"
            ],
            "funcSelfKind": "NonMutating"
          },
          {
            "kind": "Function",
            "name": "getPeerConnected",
            "printedName": "getPeerConnected()",
            "children": [
              {
                "kind": "TypeNominal",
                "name": "Int",
                "printedName": "Swift.Int",
                "usr": "s:Si"
              }
            ],
            "declKind": "Func",
            "usr": "s:22QuanteecPluginBitmovinAAC16getPeerConnectedSiyF",
            "mangledName": "$s22QuanteecPluginBitmovinAAC16getPeerConnectedSiyF",
            "moduleName": "QuanteecPluginBitmovin",
            "isOpen": true,
            "declAttributes": [
              "AccessControl",
              "RawDocComment"
            ],
            "funcSelfKind": "NonMutating"
          },
          {
            "kind": "Constructor",
            "name": "init",
            "printedName": "init()",
            "children": [
              {
                "kind": "TypeNominal",
                "name": "QuanteecPluginBitmovin",
                "printedName": "QuanteecPluginBitmovin.QuanteecPluginBitmovin",
                "usr": "c:@M@QuanteecPluginBitmovin@objc(cs)QuanteecPluginBitmovin"
              }
            ],
            "declKind": "Constructor",
            "usr": "c:@M@QuanteecPluginBitmovin@objc(cs)QuanteecPluginBitmovin(im)init",
            "mangledName": "$s22QuanteecPluginBitmovinAACABycfc",
            "moduleName": "QuanteecPluginBitmovin",
            "overriding": true,
            "implicit": true,
            "objc_name": "init",
            "declAttributes": [
              "Dynamic",
              "ObjC",
              "Override"
            ],
            "init_kind": "Designated"
          },
          {
            "kind": "Function",
            "name": "getPrebufferingDuration",
            "printedName": "getPrebufferingDuration()",
            "children": [
              {
                "kind": "TypeNominal",
                "name": "Double",
                "printedName": "Swift.Double",
                "usr": "s:Sd"
              }
            ],
            "declKind": "Func",
            "usr": "s:22QuanteecPluginBitmovinAAC23getPrebufferingDurationSdyF",
            "mangledName": "$s22QuanteecPluginBitmovinAAC23getPrebufferingDurationSdyF",
            "moduleName": "QuanteecPluginBitmovin",
            "isOpen": true,
            "declAttributes": [
              "AccessControl"
            ],
            "isFromExtension": true,
            "funcSelfKind": "NonMutating"
          },
          {
            "kind": "Function",
            "name": "getLatency",
            "printedName": "getLatency()",
            "children": [
              {
                "kind": "TypeNominal",
                "name": "Double",
                "printedName": "Swift.Double",
                "usr": "s:Sd"
              }
            ],
            "declKind": "Func",
            "usr": "s:22QuanteecPluginBitmovinAAC10getLatencySdyF",
            "mangledName": "$s22QuanteecPluginBitmovinAAC10getLatencySdyF",
            "moduleName": "QuanteecPluginBitmovin",
            "isOpen": true,
            "declAttributes": [
              "AccessControl"
            ],
            "isFromExtension": true,
            "funcSelfKind": "NonMutating"
          }
        ],
        "declKind": "Class",
        "usr": "c:@M@QuanteecPluginBitmovin@objc(cs)QuanteecPluginBitmovin",
        "mangledName": "$s22QuanteecPluginBitmovinAAC",
        "moduleName": "QuanteecPluginBitmovin",
        "isOpen": true,
        "declAttributes": [
          "AccessControl",
          "ObjC"
        ],
        "superclassUsr": "c:objc(cs)NSObject",
        "superclassNames": [
          "ObjectiveC.NSObject"
        ],
        "conformances": [
          {
            "kind": "Conformance",
            "name": "PlayerListener",
            "printedName": "PlayerListener",
            "usr": "c:@M@BitmovinPlayerCore@objc(pl)BMPPlayerListener",
            "mangledName": "$s18BitmovinPlayerCore0B8ListenerP"
          },
          {
            "kind": "Conformance",
            "name": "Copyable",
            "printedName": "Copyable",
            "usr": "s:s8CopyableP",
            "mangledName": "$ss8CopyableP"
          },
          {
            "kind": "Conformance",
            "name": "Escapable",
            "printedName": "Escapable",
            "usr": "s:s9EscapableP",
            "mangledName": "$ss9EscapableP"
          },
          {
            "kind": "Conformance",
            "name": "Equatable",
            "printedName": "Equatable",
            "usr": "s:SQ",
            "mangledName": "$sSQ"
          },
          {
            "kind": "Conformance",
            "name": "Hashable",
            "printedName": "Hashable",
            "usr": "s:SH",
            "mangledName": "$sSH"
          },
          {
            "kind": "Conformance",
            "name": "CVarArg",
            "printedName": "CVarArg",
            "usr": "s:s7CVarArgP",
            "mangledName": "$ss7CVarArgP"
          },
          {
            "kind": "Conformance",
            "name": "_KeyValueCodingAndObservingPublishing",
            "printedName": "_KeyValueCodingAndObservingPublishing",
            "usr": "s:10Foundation37_KeyValueCodingAndObservingPublishingP",
            "mangledName": "$s10Foundation37_KeyValueCodingAndObservingPublishingP"
          },
          {
            "kind": "Conformance",
            "name": "_KeyValueCodingAndObserving",
            "printedName": "_KeyValueCodingAndObserving",
            "usr": "s:10Foundation27_KeyValueCodingAndObservingP",
            "mangledName": "$s10Foundation27_KeyValueCodingAndObservingP"
          },
          {
            "kind": "Conformance",
            "name": "CustomStringConvertible",
            "printedName": "CustomStringConvertible",
            "usr": "s:s23CustomStringConvertibleP",
            "mangledName": "$ss23CustomStringConvertibleP"
          },
          {
            "kind": "Conformance",
            "name": "CustomDebugStringConvertible",
            "printedName": "CustomDebugStringConvertible",
            "usr": "s:s28CustomDebugStringConvertibleP",
            "mangledName": "$ss28CustomDebugStringConvertibleP"
          },
          {
            "kind": "Conformance",
            "name": "AnalyticsManagerProtocol",
            "printedName": "AnalyticsManagerProtocol",
            "usr": "s:12QuanteecCore24AnalyticsManagerProtocolP",
            "mangledName": "$s12QuanteecCore24AnalyticsManagerProtocolP"
          }
        ]
      }
    ],
    "json_format_version": 8
  },
  "ConstValues": []
}